{
  "countries": [
    {
      "code": "ad",
      "en": "Andorra, Principality of",
      "fr": "Andorre"
    },
    {
      "code": "ae",
      "en": "United Arab Emirates",
      "fr": "Emirats Arabes Unis"
    },
    {
      "code": "af",
      "en": "Afghanistan, Islamic State of",
      "fr": "Afghanistan"
    },
    {
      "code": "ag",
      "en": "Antigua and Barbuda",
      "fr": "Antigua et Barbuda"
    },
    {
      "code": "ai",
      "en": "Anguilla",
      "fr": "Anguilla"
    },
    {
      "code": "al",
      "en": "Albania",
      "fr": "Albanie"
    },
    {
      "code": "am",
      "en": "Armenia",
      "fr": "Arménie"
    },
    {
      "code": "an",
      "en": "Netherlands Antilles",
      "fr": "Antilles néerlandaises"
    },
    {
      "code": "ao",
      "en": "Angola",
      "fr": "Angola"
    },
    {
      "code": "aq",
      "en": "Antarctica",
      "fr": "Antarctique"
    },
    {
      "code": "ar",
      "en": "Argentina",
      "fr": "Argentine"
    },
    {
      "code": "as",
      "en": "American Samoa",
      "fr": "Samoa, partie américaine (Manua, Tutuila avec Pago Pago)"
    },
    {
      "code": "at",
      "en": "Austria",
      "fr": "Autriche"
    },
    {
      "code": "au",
      "en": "Australia",
      "fr": "Australie"
    },
    {
      "code": "aw",
      "en": "Aruba",
      "fr": "Aruba"
    },
    {
      "code": "az",
      "en": "Azerbaidjan",
      "fr": "Azerbaïdjan"
    },
    {
      "code": "ba",
      "en": "Bosnia-Herzegovina",
      "fr": "Bosnie-Herzégovine"
    },
    {
      "code": "bb",
      "en": "Barbados",
      "fr": "Barbade"
    },
    {
      "code": "bd",
      "en": "Bangladesh",
      "fr": "Bangladesh"
    },
    {
      "code": "be",
      "en": "Belgium",
      "fr": "Belgique"
    },
    {
      "code": "bf",
      "en": "Burkina Faso",
      "fr": "Burkina Faso"
    },
    {
      "code": "bg",
      "en": "Bulgaria",
      "fr": "Bulgarie"
    },
    {
      "code": "bh",
      "en": "Bahrain",
      "fr": "Bahrain"
    },
    {
      "code": "bi",
      "en": "Burundi",
      "fr": "Burundi"
    },
    {
      "code": "bj",
      "en": "Benin",
      "fr": "Bénin"
    },
    {
      "code": "bm",
      "en": "Bermuda",
      "fr": "Bermudes"
    },
    {
      "code": "bn",
      "en": "Brunei Darussalam",
      "fr": "Brunéi"
    },
    {
      "code": "bo",
      "en": "Bolivia",
      "fr": "Bolivie"
    },
    {
      "code": "br",
      "en": "Brazil",
      "fr": "Brésil"
    },
    {
      "code": "bs",
      "en": "Bahamas",
      "fr": "Bahamas"
    },
    {
      "code": "bt",
      "en": "Bhutan",
      "fr": "Bhoutan"
    },
    {
      "code": "bv",
      "en": "Bouvet Island",
      "fr": "Bouvet, île"
    },
    {
      "code": "bw",
      "en": "Botswana",
      "fr": "Botswana"
    },
    {
      "code": "by",
      "en": "Belarus",
      "fr": "Belarus"
    },
    {
      "code": "bz",
      "en": "Belize",
      "fr": "Belize"
    },
    {
      "code": "ca",
      "en": "Canada",
      "fr": "Canada"
    },
    {
      "code": "cc",
      "en": "Cocos (Keeling) Islands",
      "fr": "Cocos (Keeling), Iles des"
    },
    {
      "code": "cd",
      "en": "Congo, The Democratic Republic of the",
      "fr": "Congo (ex Zaïre), République démocratique"
    },
    {
      "code": "cf",
      "en": "Central African Republic",
      "fr": "Centrafrique"
    },
    {
      "code": "cg",
      "en": "Congo",
      "fr": "Congo, République"
    },
    {
      "code": "ch",
      "en": "Switzerland",
      "fr": "Suisse"
    },
    {
      "code": "ci",
      "en": "Ivory Coast (Cote d'Ivoire)",
      "fr": "Côte d Ivoire"
    },
    {
      "code": "ck",
      "en": "Cook Islands",
      "fr": "Cook, Iles"
    },
    {
      "code": "cl",
      "en": "Chile",
      "fr": "Chili"
    },
    {
      "code": "cm",
      "en": "Cameroon",
      "fr": "Cameroun"
    },
    {
      "code": "cn",
      "en": "China",
      "fr": "Chine, République populaire"
    },
    {
      "code": "co",
      "en": "Colombia",
      "fr": "Colombie"
    },
    {
      "code": "cr",
      "en": "Costa Rica",
      "fr": "Costa Rica"
    },
    {
      "code": "cs",
      "en": "Former Czechoslovakia",
      "fr": "Serbie et Monténégro"
    },
    {
      "code": "cu",
      "en": "Cuba",
      "fr": "Cuba"
    },
    {
      "code": "cv",
      "en": "Cape Verde",
      "fr": "Cap-Vert, Iles du"
    },
    {
      "code": "cx",
      "en": "Christmas Island",
      "fr": "Christmas, Ile"
    },
    {
      "code": "cy",
      "en": "Cyprus",
      "fr": "Chypre"
    },
    {
      "code": "cz",
      "en": "Czech Republic",
      "fr": "Tchèque, République"
    },
    {
      "code": "de",
      "en": "Germany",
      "fr": "Allemagne"
    },
    {
      "code": "dj",
      "en": "Djibouti",
      "fr": "Djibouti"
    },
    {
      "code": "dk",
      "en": "Denmark",
      "fr": "Danemark"
    },
    {
      "code": "dm",
      "en": "Dominica",
      "fr": "Dominique, Ile"
    },
    {
      "code": "do",
      "en": "Dominican Republic",
      "fr": "Dominicaine, République"
    },
    {
      "code": "dz",
      "en": "Algeria",
      "fr": "Algérie"
    },
    {
      "code": "ec",
      "en": "Ecuador",
      "fr": "Equateur"
    },
    {
      "code": "ee",
      "en": "Estonia",
      "fr": "Estonie"
    },
    {
      "code": "eg",
      "en": "Egypt",
      "fr": "Egypte"
    },
    {
      "code": "er",
      "en": "Eritrea",
      "fr": "Erythrée"
    },
    {
      "code": "es",
      "en": "Spain",
      "fr": "Espagne"
    },
    {
      "code": "et",
      "en": "Ethiopia",
      "fr": "Ethiopie"
    },
    {
      "code": "fi",
      "en": "Finland",
      "fr": "Finlande"
    },
    {
      "code": "fj",
      "en": "Fiji",
      "fr": "Fidji"
    },
    {
      "code": "fk",
      "en": "Falkland Islands",
      "fr": "Falkland"
    },
    {
      "code": "fm",
      "en": "Micronesia",
      "fr": "Micronésie, états fédérés de"
    },
    {
      "code": "fo",
      "en": "Faroe Islands",
      "fr": "Féroé, Iles"
    },
    {
      "code": "fr",
      "en": "France",
      "fr": "France"
    },
    {
      "code": "ga",
      "en": "Gabon",
      "fr": "Gabon"
    },
    {
      "code": "gb",
      "en": "Great Britain",
      "fr": "Grande-Bretagne"
    },
    {
      "code": "gd",
      "en": "Grenada",
      "fr": "Grenade"
    },
    {
      "code": "ge",
      "en": "Georgia",
      "fr": "Géorgie"
    },
    {
      "code": "gh",
      "en": "Ghana",
      "fr": "Ghana"
    },
    {
      "code": "gi",
      "en": "Gibraltar",
      "fr": "Gibraltar"
    },
    {
      "code": "gl",
      "en": "Greenland",
      "fr": "Groenland"
    },
    {
      "code": "gm",
      "en": "Gambia",
      "fr": "Gambie"
    },
    {
      "code": "gn",
      "en": "Guinea",
      "fr": "Guinée, République"
    },
    {
      "code": "gp",
      "en": "Guadeloupe (French)",
      "fr": "Guadeloupe"
    },
    {
      "code": "gq",
      "en": "Equatorial Guinea",
      "fr": "Guinée Equatoriale"
    },
    {
      "code": "gr",
      "en": "Greece",
      "fr": "Grèce"
    },
    {
      "code": "gs",
      "en": "S. Georgia &amp; S. Sandwich Isls.",
      "fr": "Géorgie du Sud et les Iles Sandwich du Sud"
    },
    {
      "code": "gt",
      "en": "Guatemala",
      "fr": "Guatémala"
    },
    {
      "code": "gu",
      "en": "Guam (USA)",
      "fr": "Guam"
    },
    {
      "code": "gw",
      "en": "Guinea Bissau",
      "fr": "Guinée-Bissau"
    },
    {
      "code": "gy",
      "en": "Guyana",
      "fr": "Guyane"
    },
    {
      "code": "hk",
      "en": "Hong Kong",
      "fr": "Hong-Kong"
    },
    {
      "code": "hm",
      "en": "Heard and McDonald Islands",
      "fr": "Heard, île et McDonald, îles"
    },
    {
      "code": "hn",
      "en": "Honduras",
      "fr": "Honduras"
    },
    {
      "code": "hr",
      "en": "Croatia",
      "fr": "Croatie"
    },
    {
      "code": "ht",
      "en": "Haiti",
      "fr": "Haïti"
    },
    {
      "code": "hu",
      "en": "Hungary",
      "fr": "Hongrie"
    },
    {
      "code": "id",
      "en": "Indonesia",
      "fr": "Indonésie"
    },
    {
      "code": "ie",
      "en": "Ireland",
      "fr": "Irlande"
    },
    {
      "code": "il",
      "en": "Israel",
      "fr": "Israël"
    },
    {
      "code": "in",
      "en": "India",
      "fr": "Inde"
    },
    {
      "code": "iq",
      "en": "Iraq",
      "fr": "Iraq"
    },
    {
      "code": "ir",
      "en": "Iran",
      "fr": "Iran"
    },
    {
      "code": "is",
      "en": "Iceland",
      "fr": "Islande"
    },
    {
      "code": "it",
      "en": "Italy",
      "fr": "Italie"
    },
    {
      "code": "jm",
      "en": "Jamaica",
      "fr": "Jamaïque"
    },
    {
      "code": "jo",
      "en": "Jordan",
      "fr": "Jordanie"
    },
    {
      "code": "jp",
      "en": "Japan",
      "fr": "Japon"
    },
    {
      "code": "ke",
      "en": "Kenya",
      "fr": "Kenya"
    },
    {
      "code": "kg",
      "en": "Kyrgyz Republic (Kyrgyzstan)",
      "fr": "Kirghizistan"
    },
    {
      "code": "kh",
      "en": "Cambodia, Kingdom of",
      "fr": "Cambodge"
    },
    {
      "code": "ki",
      "en": "Kiribati",
      "fr": "Kiribati"
    },
    {
      "code": "km",
      "en": "Comoros",
      "fr": "Comores"
    },
    {
      "code": "kn",
      "en": "Saint Kitts &amp; Nevis Anguilla",
      "fr": "St-Christophe (St.-Kitts) et Nevis"
    },
    {
      "code": "kp",
      "en": "North Korea",
      "fr": "Corée (Corée du Nord), République populaire démocratique"
    },
    {
      "code": "kr",
      "en": "South Korea",
      "fr": "Corée (Corée du Sud), République"
    },
    {
      "code": "kw",
      "en": "Kuwait",
      "fr": "Kuwait"
    },
    {
      "code": "ky",
      "en": "Cayman Islands",
      "fr": "Cayman"
    },
    {
      "code": "kz",
      "en": "Kazakhstan",
      "fr": "Kazakhstan"
    },
    {
      "code": "la",
      "en": "Laos",
      "fr": "Laos"
    },
    {
      "code": "lb",
      "en": "Lebanon",
      "fr": "Liban"
    },
    {
      "code": "lc",
      "en": "Saint Lucia",
      "fr": "Sainte Lucie"
    },
    {
      "code": "li",
      "en": "Liechtenstein",
      "fr": "Liechtenstein"
    },
    {
      "code": "lk",
      "en": "Sri Lanka",
      "fr": "Sri Lanka"
    },
    {
      "code": "lr",
      "en": "Liberia",
      "fr": "Libéria"
    },
    {
      "code": "ls",
      "en": "Lesotho",
      "fr": "Lesotho"
    },
    {
      "code": "lt",
      "en": "Lithuania",
      "fr": "Lituanie"
    },
    {
      "code": "lu",
      "en": "Luxembourg",
      "fr": "Luxembourg"
    },
    {
      "code": "lv",
      "en": "Latvia",
      "fr": "Lettonie"
    },
    {
      "code": "ly",
      "en": "Libya",
      "fr": "Libye"
    },
    {
      "code": "ma",
      "en": "Morocco",
      "fr": "Maroc"
    },
    {
      "code": "mc",
      "en": "Monaco",
      "fr": "Monaco"
    },
    {
      "code": "md",
      "en": "Moldavia",
      "fr": "Moldova"
    },
    {
      "code": "mg",
      "en": "Madagascar",
      "fr": "Madagascar"
    },
    {
      "code": "mh",
      "en": "Marshall Islands",
      "fr": "Marshall, Iles"
    },
    {
      "code": "mk",
      "en": "Macedonia",
      "fr": "Macédoine"
    },
    {
      "code": "ml",
      "en": "Mali",
      "fr": "Mali"
    },
    {
      "code": "mm",
      "en": "Myanmar",
      "fr": "Myanmar"
    },
    {
      "code": "mn",
      "en": "Mongolia",
      "fr": "Mongolie"
    },
    {
      "code": "mo",
      "en": "Macau",
      "fr": "Macao"
    },
    {
      "code": "mp",
      "en": "Northern Mariana Islands",
      "fr": "Mariannes du Nord, Iles"
    },
    {
      "code": "mq",
      "en": "Martinique (French)",
      "fr": "Martinique"
    },
    {
      "code": "mr",
      "en": "Mauritania",
      "fr": "Mauritanie"
    },
    {
      "code": "ms",
      "en": "Montserrat",
      "fr": "Montserrat"
    },
    {
      "code": "mt",
      "en": "Malta",
      "fr": "Malte"
    },
    {
      "code": "mu",
      "en": "Mauritius",
      "fr": "Maurice, Ile"
    },
    {
      "code": "mv",
      "en": "Maldives",
      "fr": "Maldives"
    },
    {
      "code": "mw",
      "en": "Malawi",
      "fr": "Malawi"
    },
    {
      "code": "mx",
      "en": "Mexico",
      "fr": "Mexique"
    },
    {
      "code": "my",
      "en": "Malaysia",
      "fr": "Malaisie"
    },
    {
      "code": "mz",
      "en": "Mozambique",
      "fr": "Mozambique"
    },
    {
      "code": "na",
      "en": "Namibia",
      "fr": "Namibie"
    },
    {
      "code": "nc",
      "en": "New Caledonia (French)",
      "fr": "Nouvelle-Calédonie"
    },
    {
      "code": "ne",
      "en": "Niger",
      "fr": "Niger"
    },
    {
      "code": "nf",
      "en": "Norfolk Island",
      "fr": "Norfolk, Ile"
    },
    {
      "code": "ng",
      "en": "Nigeria",
      "fr": "Nigéria"
    },
    {
      "code": "ni",
      "en": "Nicaragua",
      "fr": "Nicaragua"
    },
    {
      "code": "nl",
      "en": "Netherlands",
      "fr": "Pays-Bas"
    },
    {
      "code": "no",
      "en": "Norway",
      "fr": "Norvège"
    },
    {
      "code": "np",
      "en": "Nepal",
      "fr": "Népal"
    },
    {
      "code": "nr",
      "en": "Nauru",
      "fr": "Nauru"
    },
    {
      "code": "nu",
      "en": "Niue",
      "fr": "Niué"
    },
    {
      "code": "nz",
      "en": "New Zealand",
      "fr": "Nouvelle-Zélande"
    },
    {
      "code": "om",
      "en": "Oman",
      "fr": "Oman"
    },
    {
      "code": "pa",
      "en": "Panama",
      "fr": "Panama"
    },
    {
      "code": "pe",
      "en": "Peru",
      "fr": "Pérou"
    },
    {
      "code": "pf",
      "en": "Polynesia (French)",
      "fr": "Polynésie française"
    },
    {
      "code": "pg",
      "en": "Papua New Guinea",
      "fr": "Papouasie-Nouvelle-Guinée"
    },
    {
      "code": "ph",
      "en": "Philippines",
      "fr": "Philippines"
    },
    {
      "code": "pk",
      "en": "Pakistan",
      "fr": "Pakistan"
    },
    {
      "code": "pl",
      "en": "Poland",
      "fr": "Pologne"
    },
    {
      "code": "pm",
      "en": "Saint Pierre and Miquelon",
      "fr": "St-Pierre et Miquelon"
    },
    {
      "code": "pn",
      "en": "Pitcairn Island",
      "fr": "Pitcairn"
    },
    {
      "code": "pr",
      "en": "Puerto Rico",
      "fr": "Porto Rico"
    },
    {
      "code": "pt",
      "en": "Portugal",
      "fr": "Portugal"
    },
    {
      "code": "pw",
      "en": "Palau",
      "fr": "Palau"
    },
    {
      "code": "py",
      "en": "Paraguay",
      "fr": "Paraguay"
    },
    {
      "code": "qa",
      "en": "Qatar",
      "fr": "Qatar"
    },
    {
      "code": "re",
      "en": "Reunion (French)",
      "fr": "Réunion"
    },
    {
      "code": "ro",
      "en": "Romania",
      "fr": "Roumanie"
    },
    {
      "code": "ru",
      "en": "Russian Federation",
      "fr": "Russie, Fédération de"
    },
    {
      "code": "rw",
      "en": "Rwanda",
      "fr": "Rwanda"
    },
    {
      "code": "sa",
      "en": "Saudi Arabia",
      "fr": "Arabie Saoudite"
    },
    {
      "code": "sb",
      "en": "Solomon Islands",
      "fr": "Salomon, Iles"
    },
    {
      "code": "sc",
      "en": "Seychelles",
      "fr": "Seychelles"
    },
    {
      "code": "sd",
      "en": "Sudan",
      "fr": "Soudan"
    },
    {
      "code": "se",
      "en": "Sweden",
      "fr": "Suéde"
    },
    {
      "code": "sg",
      "en": "Singapore",
      "fr": "Singapour"
    },
    {
      "code": "sh",
      "en": "Saint Helena",
      "fr": "Ascension, Sainte Hélène et Tristan da Cunha"
    },
    {
      "code": "si",
      "en": "Slovenia",
      "fr": "Slovénie"
    },
    {
      "code": "sj",
      "en": "Svalbard and Jan Mayen Islands",
      "fr": "Svalbard et île Jan Mayen"
    },
    {
      "code": "sk",
      "en": "Slovak Republic",
      "fr": "Slovaque, République"
    },
    {
      "code": "sl",
      "en": "Sierra Leone",
      "fr": "Sierra Leone"
    },
    {
      "code": "sm",
      "en": "San Marino",
      "fr": "St-Marin"
    },
    {
      "code": "sn",
      "en": "Senegal",
      "fr": "Sénégal"
    },
    {
      "code": "so",
      "en": "Somalia",
      "fr": "Somalie"
    },
    {
      "code": "sr",
      "en": "Suriname",
      "fr": "Suriname"
    },
    {
      "code": "st",
      "en": "Saint Tome (Sao Tome) and Principe",
      "fr": "St-Thomas et Prince"
    },
    {
      "code": "sv",
      "en": "El Salvador",
      "fr": "El Salvador"
    },
    {
      "code": "sy",
      "en": "Syria",
      "fr": "Syrie"
    },
    {
      "code": "sz",
      "en": "Swaziland",
      "fr": "Swaziland"
    },
    {
      "code": "tc",
      "en": "Turks and Caicos Islands",
      "fr": "Turks et Caïques"
    },
    {
      "code": "td",
      "en": "Chad",
      "fr": "Tchad"
    },
    {
      "code": "tf",
      "en": "French Southern Territories",
      "fr": "Terres Australes françaises"
    },
    {
      "code": "tg",
      "en": "Togo",
      "fr": "Togo"
    },
    {
      "code": "th",
      "en": "Thailand",
      "fr": "Thaïlande"
    },
    {
      "code": "tj",
      "en": "Tadjikistan",
      "fr": "Tadjikistan"
    },
    {
      "code": "tk",
      "en": "Tokelau",
      "fr": "Tokélaou"
    },
    {
      "code": "tl",
      "en": "Timor-Leste",
      "fr": "Timor-Leste"
    },
    {
      "code": "tm",
      "en": "Turkmenistan",
      "fr": "Turkménistan"
    },
    {
      "code": "tn",
      "en": "Tunisia",
      "fr": "Tunisie"
    },
    {
      "code": "to",
      "en": "Tonga",
      "fr": "Tonga"
    },
    {
      "code": "tr",
      "en": "Turkey",
      "fr": "Turquie"
    },
    {
      "code": "tt",
      "en": "Trinidad and Tobago",
      "fr": "Trinité et Tobago"
    },
    {
      "code": "tv",
      "en": "Tuvalu",
      "fr": "Tuvalu"
    },
    {
      "code": "tw",
      "en": "Taiwan",
      "fr": "Chine, Taïwan"
    },
    {
      "code": "tz",
      "en": "Tanzania",
      "fr": "Tanzanie"
    },
    {
      "code": "ua",
      "en": "Ukraine",
      "fr": "Ukraine"
    },
    {
      "code": "ug",
      "en": "Uganda",
      "fr": "Ouganda"
    },
    {
      "code": "um",
      "en": "USA Minor Outlying Islands",
      "fr": "Iles Mineures Éloignées des États-Unis"
    },
    {
      "code": "us",
      "en": "United States",
      "fr": "Etats-Unis d'Amérique"
    },
    {
      "code": "uy",
      "en": "Uruguay",
      "fr": "Uruguay"
    },
    {
      "code": "uz",
      "en": "Uzbekistan",
      "fr": "Ouzbékistan"
    },
    {
      "code": "va",
      "en": "Holy See (Vatican City State)",
      "fr": "Vatican"
    },
    {
      "code": "vc",
      "en": "Saint Vincent &amp; Grenadines",
      "fr": "St-Vincent et Grenadines"
    },
    {
      "code": "ve",
      "en": "Venezuela",
      "fr": "Venezuela"
    },
    {
      "code": "vg",
      "en": "Virgin Islands (British)",
      "fr": "Vierges, Iles britanniques (Tortola)"
    },
    {
      "code": "vi",
      "en": "Virgin Islands (USA)",
      "fr": "Vierges (Etats-Unis), Iles"
    },
    {
      "code": "vn",
      "en": "Vietnam",
      "fr": "Viet Nam"
    },
    {
      "code": "vu",
      "en": "Vanuatu",
      "fr": "Vanuatu"
    },
    {
      "code": "wf",
      "en": "Wallis and Futuna Islands",
      "fr": "Wallis et Futuna"
    },
    {
      "code": "ws",
      "en": "Samoa",
      "fr": "Samoa Occidental (Savaii, Upola)"
    },
    {
      "code": "ye",
      "en": "Yemen",
      "fr": "Yémen"
    },
    {
      "code": "yt",
      "en": "Mayotte",
      "fr": "Mayotte"
    },
    {
      "code": "za",
      "en": "South Africa",
      "fr": "Afrique du Sud"
    },
    {
      "code": "zm",
      "en": "Zambia",
      "fr": "Zambie"
    },
    {
      "code": "zw",
      "en": "Zimbabwe",
      "fr": "Zimbabwe"
    }
  ]
}
